iteration,expanded_state,parent,action,generated_successors,frontier_before,frontier_after,explored,g,h,f
1,"(25, 15)",,,"[(24, 15)]",1,1,1,0,0,0
2,"(24, 15)","(25, 15)",West,"[(25, 15), (23, 15)]",1,1,2,1,0,1
3,"(23, 15)","(24, 15)",West,"[(24, 15), (22, 15)]",1,1,3,2,0,2
4,"(22, 15)","(23, 15)",West,"[(23, 15), (21, 15)]",1,1,4,3,0,3
5,"(21, 15)","(22, 15)",West,"[(22, 15), (20, 15)]",1,1,5,4,0,4
6,"(20, 15)","(21, 15)",West,"[(20, 14), (21, 15), (19, 15)]",1,2,6,5,0,5
7,"(20, 14)","(20, 15)",South,"[(20, 15), (20, 13)]",2,2,7,6,0,6
8,"(19, 15)","(20, 15)",West,"[(20, 15), (18, 15)]",2,2,8,6,0,6
9,"(20, 13)","(20, 14)",South,"[(20, 14), (20, 12)]",2,2,9,7,0,7
10,"(18, 15)","(19, 15)",West,"[(19, 15), (17, 15)]",2,2,10,7,0,7
11,"(20, 12)","(20, 13)",South,"[(20, 13), (20, 11)]",2,2,11,8,0,8
12,"(17, 15)","(18, 15)",West,"[(18, 15), (16, 15)]",2,2,12,8,0,8
13,"(20, 11)","(20, 12)",South,"[(20, 12), (20, 10)]",2,2,13,9,0,9
14,"(16, 15)","(17, 15)",West,"[(17, 15), (15, 15)]",2,2,14,9,0,9
15,"(20, 10)","(20, 11)",South,"[(20, 11), (20, 9)]",2,2,15,10,0,10
16,"(15, 15)","(16, 15)",West,"[(16, 15), (14, 15)]",2,2,16,10,0,10
17,"(20, 9)","(20, 10)",South,"[(20, 10), (20, 8)]",2,2,17,11,0,11
18,"(14, 15)","(15, 15)",West,"[(15, 15), (13, 15)]",2,2,18,11,0,11
19,"(20, 8)","(20, 9)",South,"[(20, 9), (20, 7)]",2,2,19,12,0,12
20,"(13, 15)","(14, 15)",West,"[(14, 15), (12, 15)]",2,2,20,12,0,12
21,"(20, 7)","(20, 8)",South,"[(20, 8), (20, 6)]",2,2,21,13,0,13
22,"(12, 15)","(13, 15)",West,"[(13, 15), (11, 15)]",2,2,22,13,0,13
23,"(20, 6)","(20, 7)",South,"[(20, 7), (20, 5)]",2,2,23,14,0,14
24,"(11, 15)","(12, 15)",West,"[(12, 15), (10, 15)]",2,2,24,14,0,14
25,"(20, 5)","(20, 6)",South,"[(20, 6), (20, 4)]",2,2,25,15,0,15
26,"(10, 15)","(11, 15)",West,"[(10, 14), (11, 15), (9, 15)]",2,3,26,15,0,15
27,"(20, 4)","(20, 5)",South,"[(20, 5), (20, 3)]",3,3,27,16,0,16
28,"(10, 14)","(10, 15)",South,"[(10, 15), (10, 13)]",3,3,28,16,0,16
29,"(9, 15)","(10, 15)",West,"[(10, 15), (8, 15)]",3,3,29,16,0,16
30,"(20, 3)","(20, 4)",South,"[(20, 4), (20, 2)]",3,3,30,17,0,17
31,"(10, 13)","(10, 14)",South,"[(10, 14), (10, 12)]",3,3,31,17,0,17
32,"(8, 15)","(9, 15)",West,"[(9, 15), (7, 15)]",3,3,32,17,0,17
33,"(20, 2)","(20, 3)",South,"[(20, 3), (19, 2)]",3,3,33,18,0,18
34,"(10, 12)","(10, 13)",South,"[(10, 13)]",3,2,34,18,0,18
35,"(7, 15)","(8, 15)",West,"[(8, 15), (6, 15)]",2,2,35,18,0,18
36,"(19, 2)","(20, 2)",West,"[(20, 2), (18, 2)]",2,2,36,19,0,19
37,"(6, 15)","(7, 15)",West,"[(7, 15), (5, 15)]",2,2,37,19,0,19
38,"(18, 2)","(19, 2)",West,"[(19, 2), (17, 2)]",2,2,38,20,0,20
39,"(5, 15)","(6, 15)",West,"[(6, 15), (4, 15)]",2,2,39,20,0,20
40,"(17, 2)","(18, 2)",West,"[(18, 2), (16, 2)]",2,2,40,21,0,21
41,"(4, 15)","(5, 15)",West,"[(5, 15), (3, 15)]",2,2,41,21,0,21
42,"(16, 2)","(17, 2)",West,"[(17, 2), (15, 2)]",2,2,42,22,0,22
43,"(3, 15)","(4, 15)",West,"[(4, 15), (2, 15)]",2,2,43,22,0,22
44,"(15, 2)","(16, 2)",West,"[(16, 2), (14, 2)]",2,2,44,23,0,23
45,"(2, 15)","(3, 15)",West,"[(3, 15), (1, 15)]",2,2,45,23,0,23
46,"(14, 2)","(15, 2)",West,"[(15, 2), (13, 2)]",2,2,46,24,0,24
47,"(1, 15)","(2, 15)",West,"[(1, 14), (2, 15)]",2,2,47,24,0,24
48,"(13, 2)","(14, 2)",West,"[(14, 2), (12, 2)]",2,2,48,25,0,25
49,"(1, 14)","(1, 15)",South,"[(1, 15), (1, 13)]",2,2,49,25,0,25
50,"(12, 2)","(13, 2)",West,"[(13, 2), (11, 2)]",2,2,50,26,0,26
51,"(1, 13)","(1, 14)",South,"[(1, 14), (1, 12)]",2,2,51,26,0,26
52,"(11, 2)","(12, 2)",West,"[(12, 2), (10, 2)]",2,2,52,27,0,27
53,"(1, 12)","(1, 13)",South,"[(1, 13), (1, 11)]",2,2,53,27,0,27
54,"(10, 2)","(11, 2)",West,"[(11, 2), (9, 2)]",2,2,54,28,0,28
55,"(1, 11)","(1, 12)",South,"[(1, 12), (1, 10)]",2,2,55,28,0,28
56,"(9, 2)","(10, 2)",West,"[(10, 2), (8, 2)]",2,2,56,29,0,29
57,"(1, 10)","(1, 11)",South,"[(1, 11), (1, 9)]",2,2,57,29,0,29
58,"(8, 2)","(9, 2)",West,"[(8, 3), (9, 2), (7, 2)]",2,3,58,30,0,30
59,"(1, 9)","(1, 10)",South,"[(1, 10), (1, 8)]",3,3,59,30,0,30
60,"(8, 3)","(8, 2)",North,"[(8, 4), (8, 2), (7, 3)]",3,4,60,31,0,31
61,"(7, 2)","(8, 2)",West,"[(7, 3), (8, 2), (6, 2)]",4,4,61,31,0,31
62,"(1, 8)","(1, 9)",South,"[(1, 9), (2, 8)]",4,4,62,31,0,31
63,"(8, 4)","(8, 3)",North,"[(8, 5), (8, 3)]",4,4,63,32,0,32
64,"(7, 3)","(8, 3)",West,"[(7, 2), (8, 3), (6, 3)]",4,4,64,32,0,32
65,"(6, 2)","(7, 2)",West,"[(6, 3), (7, 2), (5, 2)]",4,4,65,32,0,32
66,"(2, 8)","(1, 8)",East,"[(3, 8), (1, 8)]",4,4,66,32,0,32
67,"(8, 5)","(8, 4)",North,"[(8, 6), (8, 4)]",4,4,67,33,0,33
68,"(6, 3)","(7, 3)",West,"[(6, 2), (7, 3), (5, 3)]",4,4,68,33,0,33
69,"(5, 2)","(6, 2)",West,"[(5, 3), (6, 2), (4, 2)]",4,4,69,33,0,33
70,"(3, 8)","(2, 8)",East,"[(4, 8), (2, 8)]",4,4,70,33,0,33
71,"(8, 6)","(8, 5)",North,"[(8, 7), (8, 5)]",4,4,71,34,0,34
72,"(5, 3)","(6, 3)",West,"[(5, 4), (5, 2), (6, 3), (4, 3)]",4,5,72,34,0,34
73,"(4, 2)","(5, 2)",West,"[(4, 3), (5, 2), (3, 2)]",5,5,73,34,0,34
74,"(4, 8)","(3, 8)",East,"[(5, 8), (3, 8)]",5,5,74,34,0,34
75,"(8, 7)","(8, 6)",North,"[(8, 8), (8, 6)]",5,5,75,35,0,35
76,"(5, 4)","(5, 3)",North,"[(5, 5), (5, 3)]",5,5,76,35,0,35
77,"(4, 3)","(5, 3)",West,"[(4, 2), (5, 3), (3, 3)]",5,5,77,35,0,35
78,"(3, 2)","(4, 2)",West,"[(3, 3), (4, 2)]",5,4,78,35,0,35
79,"(5, 8)","(4, 8)",East,"[(6, 8), (4, 8)]",4,4,79,35,0,35
80,"(8, 8)","(8, 7)",North,"[(8, 7), (7, 8)]",4,4,80,36,0,36
81,"(5, 5)","(5, 4)",North,"[(5, 6), (5, 4)]",4,4,81,36,0,36
82,"(3, 3)","(4, 3)",West,"[(3, 2), (4, 3), (2, 3)]",4,4,82,36,0,36
83,"(6, 8)","(5, 8)",East,"[(7, 8), (5, 8)]",4,3,83,36,0,36
84,"(7, 8)","(8, 8)",West,"[(8, 8), (6, 8)]",3,2,84,37,0,37
85,"(5, 6)","(5, 5)",North,"[(5, 5)]",2,1,85,37,0,37
86,"(2, 3)","(3, 3)",West,"[(3, 3), (1, 3)]",1,1,86,37,0,37
87,"(1, 3)","(2, 3)",West,"[(1, 2), (2, 3)]",1,1,87,38,0,38
88,"(1, 2)","(1, 3)",South,"[(1, 3), (1, 1)]",1,1,88,39,0,39
89,"(1, 1)","(1, 2)",South,[],1,1,89,40,0,40
