iteration,expanded_state,parent,action,generated_successors,frontier_before,frontier_after,explored,g,h,f
1,"(25, 15)",,,"[(24, 15)]",1,1,1,0,0,0
2,"(24, 15)","(25, 15)",West,"[(25, 15), (23, 15)]",1,1,2,1,0,1
3,"(23, 15)","(24, 15)",West,"[(24, 15), (22, 15)]",1,1,3,2,0,2
4,"(22, 15)","(23, 15)",West,"[(23, 15), (21, 15)]",1,1,4,3,0,3
5,"(21, 15)","(22, 15)",West,"[(22, 15), (20, 15)]",1,1,5,4,0,4
6,"(20, 15)","(21, 15)",West,"[(20, 14), (21, 15), (19, 15)]",1,2,6,5,0,5
7,"(19, 15)","(20, 15)",West,"[(20, 15), (18, 15)]",2,2,7,6,0,6
8,"(18, 15)","(19, 15)",West,"[(19, 15), (17, 15)]",2,2,8,7,0,7
9,"(17, 15)","(18, 15)",West,"[(18, 15), (16, 15)]",2,2,9,8,0,8
10,"(16, 15)","(17, 15)",West,"[(17, 15), (15, 15)]",2,2,10,9,0,9
11,"(15, 15)","(16, 15)",West,"[(16, 15), (14, 15)]",2,2,11,10,0,10
12,"(14, 15)","(15, 15)",West,"[(15, 15), (13, 15)]",2,2,12,11,0,11
13,"(13, 15)","(14, 15)",West,"[(14, 15), (12, 15)]",2,2,13,12,0,12
14,"(12, 15)","(13, 15)",West,"[(13, 15), (11, 15)]",2,2,14,13,0,13
15,"(11, 15)","(12, 15)",West,"[(12, 15), (10, 15)]",2,2,15,14,0,14
16,"(10, 15)","(11, 15)",West,"[(10, 14), (11, 15), (9, 15)]",2,3,16,15,0,15
17,"(9, 15)","(10, 15)",West,"[(10, 15), (8, 15)]",3,3,17,16,0,16
18,"(8, 15)","(9, 15)",West,"[(9, 15), (7, 15)]",3,3,18,17,0,17
19,"(7, 15)","(8, 15)",West,"[(8, 15), (6, 15)]",3,3,19,18,0,18
20,"(6, 15)","(7, 15)",West,"[(7, 15), (5, 15)]",3,3,20,19,0,19
21,"(5, 15)","(6, 15)",West,"[(6, 15), (4, 15)]",3,3,21,20,0,20
22,"(4, 15)","(5, 15)",West,"[(5, 15), (3, 15)]",3,3,22,21,0,21
23,"(3, 15)","(4, 15)",West,"[(4, 15), (2, 15)]",3,3,23,22,0,22
24,"(2, 15)","(3, 15)",West,"[(3, 15), (1, 15)]",3,3,24,23,0,23
25,"(1, 15)","(2, 15)",West,"[(1, 14), (2, 15)]",3,3,25,24,0,24
26,"(1, 14)","(1, 15)",South,"[(1, 15), (1, 13)]",3,3,26,25,0,25
27,"(1, 13)","(1, 14)",South,"[(1, 14), (1, 12)]",3,3,27,26,0,26
28,"(1, 12)","(1, 13)",South,"[(1, 13), (1, 11)]",3,3,28,27,0,27
29,"(1, 11)","(1, 12)",South,"[(1, 12), (1, 10)]",3,3,29,28,0,28
30,"(1, 10)","(1, 11)",South,"[(1, 11), (1, 9)]",3,3,30,29,0,29
31,"(1, 9)","(1, 10)",South,"[(1, 10), (1, 8)]",3,3,31,30,0,30
32,"(1, 8)","(1, 9)",South,"[(1, 9), (2, 8)]",3,3,32,31,0,31
33,"(2, 8)","(1, 8)",East,"[(3, 8), (1, 8)]",3,3,33,32,0,32
34,"(3, 8)","(2, 8)",East,"[(4, 8), (2, 8)]",3,3,34,33,0,33
35,"(4, 8)","(3, 8)",East,"[(5, 8), (3, 8)]",3,3,35,34,0,34
36,"(5, 8)","(4, 8)",East,"[(6, 8), (4, 8)]",3,3,36,35,0,35
37,"(6, 8)","(5, 8)",East,"[(7, 8), (5, 8)]",3,3,37,36,0,36
38,"(7, 8)","(6, 8)",East,"[(8, 8), (6, 8)]",3,3,38,37,0,37
39,"(8, 8)","(7, 8)",East,"[(8, 7), (7, 8)]",3,3,39,38,0,38
40,"(8, 7)","(8, 8)",South,"[(8, 8), (8, 6)]",3,3,40,39,0,39
41,"(8, 6)","(8, 7)",South,"[(8, 7), (8, 5)]",3,3,41,40,0,40
42,"(8, 5)","(8, 6)",South,"[(8, 6), (8, 4)]",3,3,42,41,0,41
43,"(8, 4)","(8, 5)",South,"[(8, 5), (8, 3)]",3,3,43,42,0,42
44,"(8, 3)","(8, 4)",South,"[(8, 4), (8, 2), (7, 3)]",3,4,44,43,0,43
45,"(7, 3)","(8, 3)",West,"[(7, 2), (8, 3), (6, 3)]",4,5,45,44,0,44
46,"(6, 3)","(7, 3)",West,"[(6, 2), (7, 3), (5, 3)]",5,6,46,45,0,45
47,"(5, 3)","(6, 3)",West,"[(5, 4), (5, 2), (6, 3), (4, 3)]",6,8,47,46,0,46
48,"(4, 3)","(5, 3)",West,"[(4, 2), (5, 3), (3, 3)]",8,9,48,47,0,47
49,"(3, 3)","(4, 3)",West,"[(3, 2), (4, 3), (2, 3)]",9,10,49,48,0,48
50,"(2, 3)","(3, 3)",West,"[(3, 3), (1, 3)]",10,10,50,49,0,49
51,"(1, 3)","(2, 3)",West,"[(1, 2), (2, 3)]",10,10,51,50,0,50
52,"(1, 2)","(1, 3)",South,"[(1, 3), (1, 1)]",10,10,52,51,0,51
53,"(1, 1)","(1, 2)",South,[],10,10,53,52,0,52
